Status,Name,Publisher,UEF,ROMs,Options,URL,Files
OK,3D Dotty,Blue Ribbon,3DDotty_E.uef,3DDotty.rom,-b -B e00 -c e00,https://www.stairwaytohell.com/electron/uefarchive/BlueRibbon/3DDotty_E.zip,3DDotty_E.uef
OK,3D Pool,Aardvark/Firebird,3DPool_E.uef,3DPool-1.rom 3DPool-2.rom,-b -B e00 -c e00/: -m -s,https://www.stairwaytohell.com/electron/uefarchive/Firebird/3DPool_E.zip,3DPool_E.uef
OK,Adventure,Program Power,Adventure-Micropower_E.uef,Adventure-Micropower.rom,-b -B e00 -c :2500:/,https://www.stairwaytohell.com/electron/uefarchive/Micropower/Adventure-Micropower_E.zip,Adventure-Micropower_E.uef
OK,Alien Break-In,Romik,AlienBreakIn_E.uef,AlienBreakIn.rom,-b -B e00 -c :,https://www.stairwaytohell.com/electron/uefarchive/Romik/AlienBreakIn_E.zip,AlienBreakIn_E.uef
OK,Alien Dropout,Superior,AlienDropout_E.uef,AlienDropout.rom,-b -B e00 -c e00 -p,https://www.stairwaytohell.com/electron/uefarchive/Superior/AlienDropout_E.zip,AlienDropout_E.uef
OK (patched),Anarchy Zone,Atlantis,AnarchyZone-patched.uef,AnarchyZone-1.rom AnarchyZone-2.rom,-b -B e00 -c e00::x:/: -m -s,https://www.stairwaytohell.com/electron/uefarchive/Atlantis/AnarchyZone_BE.zip,AnarchyZone_BE.uef
OK,Arcadians,Acornsoft,Arcadians_E.uef,Arcadians-1.rom Arcadians-2.rom,-b -B e00 -c e00:.5ad0/: -m -s -pf patch_files/arcadians.txt,https://www.stairwaytohell.com/electron/uefarchive/Acornsoft/Arcadians_E.zip,Arcadians_E.uef
OK,Astro Plumber,Blue Ribbon,AstroPlumber_E.uef,AstroPlumber.rom,-b -B e00 -c e00 -w 39f,https://www.stairwaytohell.com/electron/uefarchive/BlueRibbon/AstroPlumber_E.zip,AstroPlumber_E.uef
OK (patched),Aviator,Acornsoft,Aviator-v1.1_B.uef,Aviator-1.rom Aviator-2.rom,-b -c :.b00/: -m -s -pf patch_files/aviator.txt,https://www.stairwaytohell.com/bbc/archive/tapeimages/Acornsoft/Aviator-v1.1_B.zip,Aviator-v1.1_B.uef
OK,Ballistix,Superior,Ballistix_E.uef,Ballistix-1.rom Ballistix-2.rom,-b -B e00 -c e00:e00:/: -p -s -w 39f,http://www.everygamegoing.com/download/electron/superior_blue_ribbon/tapes/Ballistix.zip,Ballistix_E.uef
OK,Balloon Buster,Blue Ribbon,BalloonBuster_E.uef,BalloonBuster.rom,-b -B e00 -c x:1100/: -s -t -w 39f,https://www.stairwaytohell.com/electron/uefarchive/BlueRibbon/BalloonBuster_E.zip,BalloonBuster_E.uef
OK,Bandits at 3 O'Clock,Micro Power,BanditsAt3OClock_E.uef,Bandits.rom,-b -B e00 -c : -m,https://www.stairwaytohell.com/electron/uefarchive/Micropower/BanditsAt3OClock_E.zip,BanditsAt3OClock_E.uef
OK,Barbarian (practice),Superior,Barbarian_E.uef,Barbarian-Practice-1.rom Barbarian-Practice-2.rom,-b -B e00 -c e00:e00::e00:6700:120/: -p -f 0-8 -s,https://www.stairwaytohell.com/electron/uefarchive/Superior/Barbarian_E.zip,Barbarian_E.uef
OK,Barbarian (fight),Superior,Barbarian_E.uef,Barbarian-Fight-1.rom Barbarian-Fight-2.rom,-b -B e00 -c e00:e00::e00:6700:120/: -p -f 9-17 -s,,Barbarian_E.uef
OK (paging required),Barbarian 2,Superior,Barbarian2_E.uef,Barbarian2-1.rom Barbarian2-2.rom Barbarian2-3.rom Barbarian2-4.rom,-b -B e00 -c ::x:x:x:x/x:/:/: -f 1-15 -s -P 290 1:2:3:1 -w 39f,https://www.stairwaytohell.com/electron/uefarchive/Superior/Barbarian2_E.zip,Barbarian2_E.uef
OK,Bar Billiards,Blue Ribbon,BarBilliards_E.uef,BarBilliards.rom,-b -B e00 -c e00 -w 39f,https://www.stairwaytohell.com/electron/uefarchive/BlueRibbon/BarBilliards_E.zip,BarBilliards_E.uef
OK,Baron,Superior,Baron_E.uef,Baron-1.rom Baron-2.rom,-b -B e00 -c e00:e00:5800:60c0:e00/400:920:860:5d00 -s -t -w 120,https://www.stairwaytohell.com/electron/uefarchive/Superior/Baron_E.zip,Baron_E.uef
OK,Beach Head,U.S. Gold,BeachHead_E.uef,BeachHead-1.rom BeachHead-2.rom,-b -B e00 -c :/:x:4600 -s -t -w d3f:ef97,https://www.stairwaytohell.com/electron/uefarchive/USGold/BeachHead_E.zip,BeachHead_E.uef
OK,Blood Of The Mutineers,Robico,BloodOfTheMutineers_E.uef,BloodOfTheMutineers-1.rom BloodOfTheMutineers-2.rom,-b -B e00 -c e00:1900/: -t -w 39f,https://www.stairwaytohell.com/electron/uefarchive/Robico/BloodOfTheMutineers_E.zip,BloodOfTheMutineers_E.uef
OK,Boffin 2,Addictive,Boffin2-modified_BE.uef,Boffin2-1.rom Boffin2-2.rom,-b -B e00 -c :/: -m -r -s,https://www.stairwaytohell.com/electron/uefarchive/Addictive/Boffin2-modified_BE.zip,Boffin2-modified_BE.uef
OK (patched),BoneCruncher,Superior,BoneCruncher-patched.uef,BoneCruncher-1.rom BoneCruncher-2.rom,-b -B e00 -c x::x -t -w d3f -x,https://www.stairwaytohell.com/electron/uefarchive/Superior/BoneCruncher_E.zip,BoneCruncher_E.uef
OK (paging required),BoneCruncher,Superior,BoneCruncher_E.uef,BoneCruncher_with_title-1.rom BoneCruncher_with_title-2.rom BoneCruncher_with_title-3.rom,-b -B e00 -c e00:::x/x:x/x:x:x -P 290 1:2:1 -s -t -w d3f,https://www.stairwaytohell.com/electron/uefarchive/Superior/BoneCruncher_E.zip,BoneCruncher_E.uef
OK,Boulder Dash,Tynesoft,Boulder_Dash-EveryGameGoing.uef,BoulderDash-1.rom BoulderDash-2.rom,-b -c e00:/: -L postload/keyboard_scan_disable.oph postload -pf patch_files/boulder_dash.txt -s -w 39f,http://www.everygamegoing.com/download/electron/tynesoft/3_5_discs/Boulder-Dash-1.zip,HA-BOUL.adf
OK,Boxer,Acornsoft,Boxer_E.uef,Boxer.rom,-b -B e00 -c e00:.4200 -m -pf patch_files/boxer.txt,https://www.stairwaytohell.com/electron/uefarchive/Acornsoft/Boxer_E.zip,Boxer_E.uef
OK,Breakthrough,ASL,Breakthrough_RUN_E.uef,Breakthrough-1.rom Breakthrough-2.rom,-b -B e00 -c :x:e00:e00:1100:/:e00:400:400:400:400 -r -s -w 860 -t,https://www.stairwaytohell.com/electron/uefarchive/Audiogenic/Breakthrough_RUN_E.zip,Breakthrough_RUN_E.uef
OK,Brian Jacks Superstar Challenge,Martech,BrianJacksSuperstarChallenge_E.uef,BrianJacksSuperstarChallenge.rom,-b -B e00 -c e00/: -s -t -pf patch_files/brian_jacks.txt,https://www.stairwaytohell.com/electron/uefarchive/Martech/BrianJacksSuperstarChallenge_E.zip,BrianJacksSuperstarChallenge_E.uef
OK,Bug Blaster,Alligata,BugBlaster-PIASRR_E.uef,BugBlast-1.rom BugBlast-2.rom,-b -B e00 -c e00:e00:5800:e00:e00/: -w 880,https://www.stairwaytohell.com/electron/uefarchive/SuperiorReRelease/BugBlaster-PIASRR_E.zip,BugBlaster-PIASRR_E.uef
OK,Bug Eyes,Icon,BugEyes_E.uef,BugEyes.rom,-b -B e00 -c e00:1900:e00:400:900:1000:1100:3f00 -s -t -w 39f,https://www.stairwaytohell.com/electron/uefarchive/Icon/BugEyes_E.zip,BugEyes_E.uef
OK,Bug Eyes 2,Audiogenic,BugEyes2-EveryGameGoing.uef,BugEyes2-1.rom BugEyes2-2.rom,-b -B e00 -c e00::1d00/6b00 -m -s,http://www.everygamegoing.com/download/electron/audiogenic/5_25_discs/Bug-Eyes-2.zip,HD-BUG2.ssd
OK,Bugs,Virgin,Bugs_E.uef,Bugs.rom,-b -B e00 -c :,https://www.stairwaytohell.com/electron/uefarchive/Virgin/Bugs_E.zip,Bugs_E.uef
OK,Bumble Bee,Micro Power,BumbleBee_E.uef,BumbleBee.rom,-b -B e00 -c e00 -m,https://www.stairwaytohell.com/electron/uefarchive/Micropower/BumbleBee_E.zip,BumbleBee_E.uef
OK (patched),By Fair Means Or Foul,Superior,ByFairMeansOrFoul-EveryGameGoing.uef,ByFairMeansOrFoul-1.rom ByFairMeansOrFoul-2.rom,-b -B e00 -c :/: -p -s -w 39f -pf patch_files/by_fair_means_or_foul.txt,http://everygamegoing.com/download/electron/superior_acornsoft/5_25_discs/By_Fair_Means_Or_Foul.zip,HD-BYFA.ssd
OK (patched),Camelot,Superior,Camelot-patched.uef,Camelot-1.rom Camelot-2.rom,-b -B e00 -c e00:::/: -s -t -w d3f:ef97,https://www.stairwaytohell.com/electron/uefarchive/Superior/Camelot_E.zip,Camelot_E.uef
OK,Castle Assault,Blue Ribbon,CastleAssault_E.uef,CastleAssault.rom,-b -B e00 -c e00:1600: -w 880,https://www.stairwaytohell.com/electron/uefarchive/BlueRibbon/CastleAssault_E.zip,CastleAssault_E.uef
OK,Castle Frankenstein,Epic,CastleFrankenstein_E.uef,CastleFrankenstein-1.rom CastleFrankenstein-2.rom,-b -B e00 -c e00:e00:/: -m -s,https://www.stairwaytohell.com/electron/uefarchive/Epic/CastleFrankenstein_E.zip,CastleFrankenstein_E.uef
OK,Castlemaze Adventure,Duckworth,EXPLADV-CastlemazeAdventure_E.uef,CastlemazeAdventure.rom,-b -B e00 -c : -m,https://www.stairwaytohell.com/electron/uefarchive/Duckworth/ExploringAdventures_E.zip,EXPLADV-CastlemazeAdventure_E.uef
OK,Castle Of Riddles,Acornsoft,CastleOfRiddles_E.uef,CastleOfRiddles-1.rom CastleOfRiddles-2.rom,-b -B e00 -c e00:.5ff0/: -m -s -pf patch_files/castle_of_riddles.txt,https://www.stairwaytohell.com/electron/uefarchive/Acornsoft/CastleOfRiddles_E.zip,CastleOfRiddles_E.uef
OK,Caterpillar,Romik,Caterpillar-Romik_E.uef,Caterpillar.rom,-b -B e00 -c :,https://www.stairwaytohell.com/electron/uefarchive/Romik/Caterpillar-Romik_E.zip,Caterpillar-Romik_E.uef
OK,Caveman Capers.uef,Icon,CavemanCapers_E.uef,CavemanCapers.rom,-b -B e00 -c e00:::1900:4000::4500 -w 39f,https://www.stairwaytohell.com/electron/uefarchive/Icon/CavemanCapers_E.zip,CavemanCapers_E.uef
OK,Centibug,Superior,Centibug_E.uef,Centibug.rom,-b -B e00 -c e00,https://www.stairwaytohell.com/electron/uefarchive/Superior/Centibug_E.zip,Centibug_E.uef
OK,Chess,Acornsoft,Chess-Acornsoft_E.uef,Chess-Acornsoft.rom,-b -B e00 -c e00 -pf patch_files/chess.txt,https://www.stairwaytohell.com/electron/uefarchive/Acornsoft/Chess-Acornsoft_E.zip,Chess-Acornsoft_E.uef
OK,Chess,Micro Power,Chess-Micropower_E.uef,Chess-Micropower.rom,-b -B e00 -c : -m,https://www.stairwaytohell.com/electron/uefarchive/Micropower/Chess-Micropower_E.zip,Chess-Micropower_E.uef
OK,Chess,Superior,Chess-Superior_BE.uef,Chess-Superior.rom,-b -B e00 -c e00 -m,https://www.stairwaytohell.com/electron/uefarchive/Superior/Chess-Superior_BE.zip,Chess-Superior_BE.uef
OK,Chuckie Egg,A&F,ChuckieEgg_E.uef,ChuckieEgg.rom,-b -B e00 -c e00 -m,https://www.stairwaytohell.com/electron/uefarchive/AnF/ChuckieEgg_E.zip,ChuckieEgg_E.uef
OK,Citadel,Superior,Citadel-PIASRR_E.uef,Citadel-1.rom Citadel-2.rom,-b -B e00 -c e00:3000:5400:1300/: -m -s,https://www.stairwaytohell.com/electron/uefarchive/Superior/Citadel-PIASRR_E.zip,Citadel-PIASRR_E.uef
OK,Classic Adventure,Melbourne House,ClassicAdventure_RUN_BE.uef,ClassicAdventure-1.rom ClassicAdventure-2.rom,-b -B e00 -c :/: -m -r -s,https://www.stairwaytohell.com/electron/uefarchive/MelbourneHouse/ClassicAdventure_RUN_BE.zip,ClassicAdventure_RUN_BE.uef
OK (paging required),Clogger,Impact,Clogger_E.uef,Clogger-1.rom Clogger-2.rom Clogger-3.rom,-b -B e00 -c :x:x:900:e00:5100:/2983:2983:2983/2983 -f 0-6:s:7-10 -m -s -P 290 1:2:1,https://www.stairwaytohell.com/electron/uefarchive/Impact/Clogger_E.zip,Clogger_E.uef
OK (stripped),Codename: Droid,Superior,CodenameDroid_E.uef,CodenameDroid-1.rom CodenameDroid-2.rom,-b -B e00 -c 600:400/: -f 4-5 -m -r -s,https://www.stairwaytohell.com/electron/uefarchive/Superior/CodenameDroid_E.zip,CodenameDroid_E.uef
OK,Commando,Elite,Commando-PIASRR_E.uef,Commando-1.rom Commando-2.rom,-b -B e00 -c :/: -s -w 39f,https://www.stairwaytohell.com/electron/uefarchive/SuperiorReRelease/Commando-PIASRR_E.zip,Commando-PIASRR_E.uef
OK,Condition Red,Blue Ribbon,ConditionRed_E.uef,ConditionRed.rom,-b -B e00 -c e00 -w 39f,https://www.stairwaytohell.com/electron/uefarchive/BlueRibbon/ConditionRed_E.zip,ConditionRed_E.uef
OK (patched),Confuzion,Incentive,Confuzion-EveryGameGoing.uef,Confuzion.rom,-b -B e00 -c x:x:x:: -m -p1,http://www.everygamegoing.com/download/electron/incentive/tapes/Confuzion.zip,Confuzion_BE.uef
OK,Cops n' Robbers,Atlantis,CopsNRobbers_BE.uef,CopsNRobbers.rom,-b -B e00 -c e00 -w 39f,https://www.stairwaytohell.com/electron/uefarchive/Atlantis/CopsNRobbers_BE.zip,CopsNRobbers_BE.uef
OK,Cosmic Camouflage,Superior/Acornsoft,CosmicCamouflage_E.uef,CosmicCamouflage.rom,-b -B e00 -c e00:e00,https://www.stairwaytohell.com/electron/uefarchive/Superior/CosmicCamouflage_E.zip,CosmicCamouflage_E.uef
OK,Crazee Rider,Superior,CrazeeRider_E.uef,CrazeeRider-1.rom CrazeeRider-2.rom,-b -B e00 -c e00::::::1900/: -s -t -w d3f:ef97,https://www.stairwaytohell.com/electron/uefarchive/Superior/CrazeeRider_E.zip,CrazeeRider_E.uef
OK,Crazy Tracer,Acornsoft,CrazyTracer_E.uef,CrazyTracer.rom,-b -B e00 -c e00:.4543 -m -pf patch_files/crazy_tracer.txt,https://www.stairwaytohell.com/electron/uefarchive/Acornsoft/CrazyTracer_E.zip,CrazyTracer_E.uef
OK,Creepy Cave,Atlantis,CreepyCave_BE.uef,CreepyCave.rom,-b -B e00 -c e00 -m,https://www.stairwaytohell.com/electron/uefarchive/Atlantis/CreepyCave_BE.zip,CreepyCave_BE.uef
OK,Croaker,Program Power,Croaker_E.uef,Croaker.rom,-b -B e00 -c ::x,https://www.stairwaytohell.com/electron/uefarchive/Micropower/Croaker_E.zip,Croaker_E.uef
OK,Crypt Capers,Software Projects,CryptCapers-STH.uef,CryptCapers.rom,-b -c 4900:5100:1200 -r -pf patch_files/crypt_capers.txt -w 39f,https://www.stairwaytohell.com/bbc/archive/diskimages/SoftwareProjects/CryptCapers.zip,SoftwareProjects/CryptCapers.ssd
OK,Crystal Castles,U.S. Gold,CrystalCastles_E.uef,CrystalCastles-1.rom CrystalCastles-2.rom,-b -B e00 -c :::x:x:x:x:dc0:dc0/dc0 -p -t -w 39f,https://www.stairwaytohell.com/electron/uefarchive/USGold/CrystalCastles_E.zip,CrystalCastles_E.uef
OK,Cybertron Mission,Program Power,CybertronMission_E.uef,CybertronMission.rom,-b -B e00 -c :,https://www.stairwaytohell.com/electron/uefarchive/Micropower/CybertronMission_E.zip,CybertronMission_E.uef
OK,Cyborg Warriors,Superior,CyborgWarriors_E.uef,CyborgWarriors-1.rom CyborgWarriors-2.rom,-b -c ::5f80:::6840:7c40:/: -pf patch_files/cyborg_warriors.txt -s -w 39f,https://www.stairwaytohell.com/electron/uefarchive/Superior/CyborgWarriors_E.zip,CyborgWarriors_E.uef
OK,Cylon Attack,A&F,CylonAttack_E.uef,CylonAttack-1.rom CylonAttack-2.rom,-b -B e00 -c e00:/: -m -s,https://www.stairwaytohell.com/electron/uefarchive/AnF/CylonAttack_E.zip,CylonAttack_E.uef
OK,Danger UXB,Program Power,DangerUXB_E.uef,DangerUXB.rom,-b -B e00 -c e00:1500:,https://www.stairwaytohell.com/electron/uefarchive/Micropower/DangerUXB_E.zip,DangerUXB_E.uef
OK,Dare Devil Denis,Visions,DareDevilDenis_E.uef,DareDevilDenis.rom,-b -B e00 -c :,https://www.stairwaytohell.com/electron/uefarchive/Visions/DareDevilDenis_E.zip,DareDevilDenis_E.uef
OK,Death Star,Superior,DeathStar-SCRR_E.uef,DeathStar.rom,-b -B e00 -c e00:::::3000 -p -w 39f,https://www.stairwaytohell.com/electron/uefarchive/Superior/DeathStar-SCRR_E.zip,DeathStar-SCRR_E.uef
OK,Denis Through The Drinking Glass,Melbourne House,DenisThroughTheDrinkingGlass_E.uef,DenisThroughTheDrinkingGlass-1.rom DenisThroughTheDrinkingGlass-2.rom,-b -B e00 -c e00::x:x/: -s -w 39f,https://www.stairwaytohell.com/electron/uefarchive/MelbourneHouse/DenisThroughTheDrinkingGlass_E.zip,DenisThroughTheDrinkingGlass_E.uef
OK,Despatch Rider,Audiogenic,DespatchRider_E.uef,DespatchRider.rom,-b -B e00 -c e00 -m,https://www.stairwaytohell.com/electron/uefarchive/Audiogenic/DespatchRider_E.zip,DespatchRider_E.uef
OK,Diamond Mine,MRM,DiamondMine-MRM_E.uef,DiamondMine.rom,-b -B e00 -c :1600::1600 -m,https://www.stairwaytohell.com/electron/uefarchive/MRM/DiamondMine-MRM_E.zip,DiamondMine-MRM_E.uef
OK,Diamond Mine 2,Blue Ribbon,DiamondMine2-BlueRibbon_E.uef,DiamondMine2.rom,-b -B e00 -c e00: -w 39f,https://www.stairwaytohell.com/electron/uefarchive/BlueRibbon/DiamondMine2-BlueRibbon_E.zip,DiamondMine2-BlueRibbon_E.uef
OK,Diamond Pete,Alligata,DiamondPete_E.uef,DiamondPete.rom,-b -B e00 -c e00: -s -T -w 39f,https://www.stairwaytohell.com/electron/uefarchive/Alligata/DiamondPete_E.zip,DiamondPete_E.uef
OK,Dominoes,Blue Ribbon,Dominoes_E.uef,Dominoes.rom,-b -B e00 -c e00:1600:5bc0:x:x -m,https://www.stairwaytohell.com/electron/uefarchive/BlueRibbon/Dominoes_E.zip,Dominoes_E.uef
OK,Drain Mania,Icon,DrainMania_E.uef,DrainMania-1.rom DrainMania-2.rom,-b -B e00 -c e00:x:x -w 39f,https://www.stairwaytohell.com/electron/uefarchive/Icon/DrainMania_E.zip,DrainMania_E.uef
OK,Draughts,Acornsoft,DAR-Draughts_E.uef,Draughts-Acornsoft.rom,-b -B e00 -c e00 -pf patch_files/draughts.txt,https://www.stairwaytohell.com/electron/uefarchive/Acornsoft/DraughtsAndReversi_E.zip,DAR-Draughts_E.uef
OK,Draughts,Computer Concepts,Draughts-ComputerConcepts_BE.uef,Draughts-ComputerConcepts.rom,-b -B e00 -c : -m,https://www.stairwaytohell.com/electron/uefarchive/ComputerConcepts/Draughts-ComputerConcepts_BE.zip,Draughts-ComputerConcepts_BE.uef
OK,Draughts,Superior,Draughts-Superior_E.uef,Draughts-Superior.rom,-b -B e00 -c e00,https://www.stairwaytohell.com/electron/uefarchive/Superior/Draughts-Superior_E.zip,Draughts-Superior_E.uef
OK (patched),Dunjunz,Bug Byte,Dunjunz-patched.uef,Dunjunz-1.rom Dunjunz-2.rom,-b -B e00 -c :/: -f 1-28 -r -s -w 39f,https://www.stairwaytohell.com/electron/uefarchive/BugByte/Dunjunz_E.zip,Dunjunz_E.uef
OK (patched),Eddie Kidd Jump Challenge,Martech,EddieKiddJumpChallenge-EveryGameGoing.uef,EddieKiddJumpChallenge-1.rom EddieKiddJumpChallenge-2.rom,-b -B e00 -c :1e00/: -m -s,http://www.everygamegoing.com/download/electron/martech/5_25_discs/Eddie_Kidd_Jump_Challenge.zip,HD-EDDI.ssd
OK,Electron Invaders,Program Power,ElectronInvaders_E.uef,ElectronInvaders.rom,-b -B e00 -c e00: -m,https://www.stairwaytohell.com/electron/uefarchive/Micropower/ElectronInvaders_E.zip,ElectronInvaders_E.uef
OK,Elite,Acornsoft,Elite-SRR_E.uef,Elite-1.rom Elite-2.rom,-b -B e00 -c e00:/: -s -pf patch_files/elite.txt,https://www.stairwaytohell.com/electron/uefarchive/SuperiorReRelease/Elite-SRR_E.zip,Elite-SRR_E.uef
OK,Elixir,Superior,Elixir_E.uef,Elixir-1.rom Elixir-2.rom,-b -B e00 -c e00:/: -s -t -w 39f,https://www.stairwaytohell.com/electron/uefarchive/Superior/Elixir_E.zip,Elixir_E.uef
OK,Empire,Shards,Empire_BE.uef,Empire.rom,-b -B e00 -c : -m,https://www.stairwaytohell.com/electron/uefarchive/Shards/Empire_BE.zip,Empire_BE.uef
OK,Enigma,Brainbox,Enigma_E.uef,Enigma.rom,-b -B e00 -c : -m,https://www.stairwaytohell.com/electron/uefarchive/Brainbox/Enigma_E.zip,Enigma_E.uef
OK,Escape From Moonbase Alpha,Micro Power,EscapeFromMoonbaseAlpha_E.uef,EMBA.rom,-b -B e00 -c :::e00 -p1,https://www.stairwaytohell.com/electron/uefarchive/Micropower/EscapeFromMoonbaseAlpha_E.zip,EscapeFromMoonbaseAlpha_E.uef
OK,Er*bert,Microbyte,Erbert_E.uef,Erbert.rom,-b -B e00 -c e00,https://www.stairwaytohell.com/electron/uefarchive/Microbyte/Erbert_E.zip,Erbert_E.uef
OK,Evening Star,Hewson,EveningStar_E.uef,EveningStar-1.rom EveningStar-2.rom,-b -c e00:/: -L postload/southern_belle.oph postload -s -w d3f,https://www.stairwaytohell.com/electron/uefarchive/Hewson/EveningStar_E.zip,EveningStar_E.uef
OK (patched; paging required),Exile,Superior,Exile-EveryGameGoing.uef,Exile-1.rom Exile-2.rom Exile-3.rom Exile-4.rom,-b -B e00 -c e00:e00::x -f 1-5 -m -s -P 290 1:2:3:0,http://www.everygamegoing.com/download/electron/superior_acornsoft/5_25_discs/Exile_V1.zip,Exile.ssd
OK,Eye Of Zolton,Softek,EyeOfZolton_BE.uef,EyeOfZolton-1.rom EyeOfZolton-2.rom,-b -B e00 -c :/: -m -s,https://www.stairwaytohell.com/electron/uefarchive/Softek/EyeOfZolton_BE.zip,EyeOfZolton_BE.uef
OK (paging required),E-Type,4th Dimension,EType_E.uef,EType-1.rom EType-2.rom EType-3.rom,-b -B e00 -c x::x/3041:::3779:x:3f12:/: -f 0-13 -m -s -P 290 1:2:1,https://www.stairwaytohell.com/electron/uefarchive/4thDimension/EType_E.zip,EType_E.uef
OK,Felix And The Fruit Monsters,Micro Power,FelixAndTheFruitMonsters_E.uef,FelixAndTheFruitMonsters.rom,-b -B e00 -c ::400 -m,https://www.stairwaytohell.com/electron/uefarchive/Micropower/FelixAndTheFruitMonsters_E.zip,FelixAndTheFruitMonsters_E.uef
OK,Felix In The Factory,Micro Power,FelixInTheFactory_E.uef,FelixInTheFactory.rom,-b -B e00 -c e00::400 -m,https://www.stairwaytohell.com/electron/uefarchive/Micropower/FelixInTheFactory_E.zip,FelixInTheFactory_E.uef
OK,Felix Meets The Evil Weevils,Micro Power,FelixMeetsTheEvilWeevils_E.uef,FelixMeetsTheEvilWeevils.rom,-b -B e00 -c e00 -m,https://www.stairwaytohell.com/electron/uefarchive/Micropower/FelixMeetsTheEvilWeevils_E.zip,FelixMeetsTheEvilWeevils_E.uef
OK,Firebug,Acornsoft,Firebug_E.uef,Firebug.rom,-b -B e00 -c e00:.5700 -m -pf patch_files/firebug.txt,https://www.stairwaytohell.com/electron/uefarchive/Acornsoft/Firebug_E.zip,Firebug_E.uef
OK,Firetrack,Superior,Firetrack_E.uef,Firetrack-1.rom Firetrack-2.rom,-b -B e00 -c e00:::::c00:600/315b -t -w 880 -s,https://www.stairwaytohell.com/electron/uefarchive/Superior/Firetrack_E.zip,Firetrack_E.uef
OK,Frak,Aardvark,FrakV2_E.uef,Frak-1.rom Frak-2.rom,-b -B e00 -c e00/: -s,https://www.stairwaytohell.com/electron/uefarchive/Aardvark/FrakV2_E.zip,FrakV2_E.uef
OK,Frankenstein 2000,Icon,Frankenstein2000_E.uef,Frankenstein2000.rom,-b -B e00 -c e00:1900:e00:e00:::::e00 -p -s -w 39f,https://www.stairwaytohell.com/electron/uefarchive/Icon/Frankenstein2000_E.zip,Frankenstein2000_E.uef
OK,Freefall,Acornsoft,Freefall_E.uef,Freefall-1.rom Freefall-2.rom,-b -B e00 -c e00:.21bb/: -m -s -pf patch_files/free_fall.txt,https://www.stairwaytohell.com/electron/uefarchive/Acornsoft/Freefall_E.zip,Freefall_E.uef
OK,Frenzy,Micro Power,Frenzy_E.uef,Frenzy.rom,-b -B e00 -c e00: -m,https://www.stairwaytohell.com/electron/uefarchive/Micropower/Frenzy_E.zip,Frenzy_E.uef
OK,Galaforce,Superior Software,Galaforce_E.uef,Galaforce-1.rom Galaforce-2.rom,-b -B e00 -c :::1900/: -s -t -w d3f:ef97,https://www.stairwaytohell.com/electron/uefarchive/Superior/Galaforce_E.zip,Galaforce_E.uef
OK,Galaforce 2,Superior Software,PIAS6-Galaforce2-EveryGameGoing-fromSSD.uef,Galaforce2-1.rom Galaforce2-2.rom,-b -B e00 -c e00::e00::e00:900:1d00/: -p -s -w 39f,http://www.everygamegoing.com/download/electron/superior_acornsoft/5_25_discs/Play-It-Again-Sam-06-V1.zip,HD-PIA6.dsd
OK (patched),Galaxy Wars,Bug Byte,GalaxyWars-patched.uef,GalaxyWars.rom,-b -c : -m -r,https://www.stairwaytohell.com/bbc/archive/tapeimages/BugByte/GalaxyWars_RUN_B.zip,GalaxyWars_RUN_B.uef
OK,Gauntlet,Micro Power,Gauntlet_E.uef,Gauntlet-1.rom Gauntlet-2.rom,-b -B e00 -c e00:e00/: -m -s,https://www.stairwaytohell.com/electron/uefarchive/Micropower/Gauntlet_E.zip,Gauntlet_E.uef
OK (discard files),Ghouls,Micro Power,Ghouls-PIASRR_E.uef,Ghouls.rom,-b -B e00 -c e00:2200:/: -p -s -w 39f -f 3-5 -pf patch_files/ghouls.txt,https://www.stairwaytohell.com/electron/uefarchive/SuperiorReRelease/Ghouls-PIASRR_E.zip,Ghouls-PIASRR_E.uef
OK,Gisburne's Castle,Martech,GisburnesCastle_E.uef,GisburnesCastle-1.rom GisburnesCastle-2.rom,-b -B e00 -c e00/: -s -w 39f,http://www.everygamegoing.com/download/electron/martech/tapes/Gisburnes-Castle.zip,GisburnesCastle_E.uef
OK,Go,Acornsoft,Go_E.uef,Go.rom,-b -B e00 -c e00:.13b2 -m,https://www.stairwaytohell.com/electron/uefarchive/Acornsoft/Go_E.zip,Go_E.uef
OK,Guardian,Alligata,Guardian_E.uef,Guardian.rom,-b -B e00 -c e00:e00: -w 39f -t,https://www.stairwaytohell.com/electron/uefarchive/Alligata/Guardian_E.zip,Guardian_E.uef
OK,Gunfighter,Atlantis,Gunfighter_BE.uef,Gunfighter-1.rom Gunfighter-2.rom,-b -B e00 -c e00:c00:e00:5bc0/900:b00:5800 -m -s,https://www.stairwaytohell.com/electron/uefarchive/Atlantis/Gunfighter_BE.zip,Gunfighter_BE.uef
OK,Gunsmoke,Software Invasion,Gunsmoke_E.uef,Gunsmoke.rom,-b -B e00 -c :,https://www.stairwaytohell.com/electron/uefarchive/SoftwareInvasion/Gunsmoke_E.zip,Gunsmoke_E.uef
OK,Gyroscope,Melbourne House,Gyroscope_E.uef,Gyroscope.rom,-b -c :/: -f 1-3 -m -r -s,https://www.stairwaytohell.com/electron/uefarchive/MelbourneHouse/Gyroscope_E.zip,Gyroscope_E.uef
OK,Hampstead,Melbourne House,Hampstead_BE.uef,Hampstead-1.rom Hampstead-2.rom,-b -B e00 -c e00/: -m -s,https://www.stairwaytohell.com/electron/uefarchive/MelbourneHouse/Hampstead_BE.zip,Hampstead_BE.uef
OK,Hard Hat Harry,Retro Software,HardHatHarry-ElectronTape.uef,HardHatHarry.rom,-b -B e00 -c : -m,http://www.retrosoftware.co.uk/wiki/images/d/d6/HardHatHarry-ElectronTape.zip,HardHatHarry-ElectronTape.uef
OK,Haunted House,Electron User,10Best1-HauntedHouse_E.uef,HauntedHouse.rom,-b -B e00 -c e00 -m,https://www.stairwaytohell.com/electron/uefarchive/Database/10OfTheBestVol1_E.zip,10Best1-HauntedHouse_E.uef
OK (patched),Helter Skelter,Audiogenic,HelterSkelter-patched.uef,HelterSkelter-1.rom HelterSkelter-2.rom,-b -B e00 -c :/: -m -s,https://www.stairwaytohell.com/electron/uefarchive/Audiogenic/HelterSkelter_E.zip,HelterSkelter_E.uef
OK,Hex,Larsoft,Hex_RUN_BE.uef,Hex.rom,-b -B e00 -c : -m -r,https://www.stairwaytohell.com/electron/uefarchive/Larsoft/Hex_RUN_BE.zip,Hex_RUN_BE.uef
OK,Hobgoblin,Atlantis,Hobgoblin_E.uef,Hobgoblin.rom,-b -B e00 -c :5d00:::1ec0::900 -m,https://www.stairwaytohell.com/electron/uefarchive/Atlantis/Hobgoblin_E.zip,Hobgoblin_E.uef
OK,Hobgoblin 2,Atlantis,Hobgoblin2_E.uef,Hobgoblin2-1.rom Hobgoblin2-2.rom,-b -B e00 -c :::::57d0/: -m -s,https://www.stairwaytohell.com/electron/uefarchive/Atlantis/Hobgoblin2_E.zip,Hobgoblin2_E.uef
OK,Hopper,Acornsoft,Hopper-STH-ROM.uef,Hopper.rom,-b -B e00 -c x:e00: -r -w 880,https://www.stairwaytohell.com/roms/Electron_Acornsoft_Hopper_Rom.zip,Hopper.rom
OK,HorseRace,Dynabyte,HorseRace_E.uef,HorseRace.rom,-b -B e00 -c e00 -w 39f,https://www.stairwaytohell.com/electron/uefarchive/Dynabyte/HorseRace_E.zip,HorseRace_E.uef
OK,Hunchback,Ocean,Hunchback-Ocean_E.uef,Hunchback.rom,-b -B e00 -c :900 -m,https://www.stairwaytohell.com/electron/uefarchive/Ocean/Hunchback-Ocean_E.zip,Hunchback-Ocean_E.uef
OK,Hunkidory,Bug Byte,Hunkidory_BE.uef,Hunkidory.rom,-b -B 1900 -c :/: -f 1-5 -m -s,https://www.stairwaytohell.com/electron/uefarchive/BugByte/Hunkidory_BE.zip,Hunkidory_BE.uef
OK,Hyper Viper,Retro Software,HyperViper-fromSSD.uef,HyperViper.rom,-b -B e00 -c e00 -m,http://www.retrosoftware.co.uk/wiki/images/2/20/HyperViper1.1_DFS.zip,HyperViper1.1.ssd
OK (patched),Icarus,Mandarin,Icarus-patched.uef,Icarus-1.rom Icarus-2.rom,-b -B e00 -c .e00:/: -f 2-4:s:5-24 -r -w 39f,https://www.stairwaytohell.com/electron/uefarchive/Mandarin/Icarus_E.zip,Icarus_E.uef
OK (paging required),Imogen,Micro Power,Imogen_E.uef,Imogen-1.rom Imogen-2.rom Imogen-3.rom Imogen-4.rom Imogen-5.rom Imogen-6.rom,-b -B e00 -c e00:5800:x:x:/x:/35c1:35c1:35c1:35c1:35c1/35c1:35c1:35c1:35c1:35c1/35c1:35c1:35c1:35c1:35c1/35c1:35c1:35c1 -f 1-5:s:6-22 -s -P 290 1:2:3:4:5:2 -w 39f,https://www.stairwaytohell.com/electron/uefarchive/Micropower/Imogen_E.zip,Imogen_E.uef
OK,Impact,Audiogenic,Impact_E.uef,Impact-1.rom Impact-2.rom,-b -B e00 -c e00::x:/: -m -s,https://www.stairwaytohell.com/electron/uefarchive/Audiogenic/Impact_E.zip,Impact_E.uef
OK,Impossible Mission,U.S. Gold,ImpossibleMission_E.uef,ImpossibleMission-1.rom ImpossibleMission-2.rom,-b -B e00 -c :x:x:x/400 -s -t -w d3f:ef97,https://www.stairwaytohell.com/electron/uefarchive/USGold/ImpossibleMission_E.zip,ImpossibleMission_E.uef
OK,Inertia,4th Dimension,Inertia_E.uef,Inertia-1.rom Inertia-2.rom,-b -B e00 -c e00:6980:8c0/: -m -s,https://www.stairwaytohell.com/electron/uefarchive/4thDimension/Inertia_E.zip,Inertia_E.uef
OK,Intergalactic Trader,Micro Power,IntergalacticTrader_E.uef,IntergalacticTrader.rom,-b -B e00 -c :/: -m,https://www.stairwaytohell.com/electron/uefarchive/Micropower/IntergalacticTrader_E.zip,IntergalacticTrader_E.uef
OK,Jet Boot Jack,English,JetBootJack_E.uef,JetBootJack-1.rom JetBootJack-2.rom,-b -B e00 -c e00::.1d00/: -w 39f -t -s,https://www.stairwaytohell.com/electron/uefarchive/English/JetBootJack_E.zip,JetBootJack_E.uef
OK,Jet Power Jack,Micro Power,JetPowerJack_E.uef,JetPowerJack.rom,-b -B e00 -c e00 -m,https://www.stairwaytohell.com/electron/uefarchive/Micropower/JetPowerJack_E.zip,JetPowerJack_E.uef
OK,Joe Blade,Players,JoeBlade_E.uef,JoeBlade-1.rom JoeBlade-2.rom,-b -c :5940::f00:::3000:5000:::7880:7600:6000:7100:7200:6b00/:6c00:6100:5840: -m -s,https://www.stairwaytohell.com/electron/uefarchive/Players/JoeBlade_E.zip,JoeBlade_E.uef
OK,Joe Blade 2,Players,JoeBlade2_E.uef,JoeBlade2-1.rom JoeBlade2-2.rom,-b -c e00:e00:5820:f00/5800 -m -s,https://www.stairwaytohell.com/electron/uefarchive/Players/JoeBlade2_E.zip,JoeBlade2_E.uef
OK (patched),Joey,Blue Ribbon,Joey-patched.uef,Joey.rom,-b -B e00 -c : -p -s -w 39f,https://www.stairwaytohell.com/electron/uefarchive/BlueRibbon/Joey_E.zip,Joey_E.uef
OK,Joust,Godax,Skirmish_E.uef,Joust.rom,-b -B e00 -c e00 -m,https://www.stairwaytohell.com/electron/uefarchive/Godax/Skirmish_E.zip,Skirmish_E.uef
OK,Jungle Jive,Virgin,JungleJive_E.uef,JungleJive.rom,-b -B e00 -c e00 -m,https://www.stairwaytohell.com/electron/uefarchive/Virgin/JungleJive_E.zip,JungleJive_E.uef
OK,Karate Combat,Superior,KarateCombat-SCRR_E.uef,KarateCombat-1.rom KarateCombat-2.rom,-b -B e00 -c e00:/: -s,https://www.stairwaytohell.com/electron/uefarchive/Superior/KarateCombat-SCRR_E.zip,KarateCombat-SCRR_E.uef
OK,Kayleth,U.S. Gold,Kayleth_E.uef,Kayleth-1.rom Kayleth-2.rom,-b -B e00 -c x:/: -s -w 39f,https://www.stairwaytohell.com/electron/uefarchive/USGold/Kayleth_E.zip,Kayleth_E.uef
OK,Killapede,Players,Killapede_BE.uef,Killapede.rom,-b -c : -s,https://www.stairwaytohell.com/electron/uefarchive/Players/Killapede_BE.zip,Killapede_BE.uef
OK,Killer Gorilla,Program Power,KillerGorilla_E.uef,KillerGorilla.rom,-b -B e00 -c e00:,https://www.stairwaytohell.com/electron/uefarchive/Micropower/KillerGorilla_E.zip,KillerGorilla_E.uef
OK,Killer Gorilla 2,Superior/Acornsoft,KillerGorilla2-PIAS_E.uef,KillerGorilla2-1.rom KillerGorilla2-2.rom,-b -B e00 -c :/: -p1 -s -w 39f,https://www.stairwaytohell.com/electron/uefarchive/Superior/KillerGorilla2-PIAS_E.zip,KillerGorilla2-PIAS_E.uef
OK,Kingdom Of Klein,Epic,KingdomOfKlein_E.uef,KingdomOfKlein-1.rom KingdomOfKlein-2.rom,-b -B e00 -c :/: -m -s,https://www.stairwaytohell.com/electron/uefarchive/Epic/KingdomOfKlein_E.zip,KingdomOfKlein_E.uef
OK,Kissin Cousins,English,KissinCousins_E.uef,KissinCousins.rom,-b -B 1600 -c :.16b0: -f 1-3 -s -t -w 120,https://www.stairwaytohell.com/electron/uefarchive/English/KissinCousins_E.zip,KissinCousins_E.uef
OK,Knockout,Electron User,10Best1-Knockout_E.uef,Knockout.rom,-b -B e00 -c e00 -m,https://www.stairwaytohell.com/electron/uefarchive/Database/10OfTheBestVol1_E.zip,10Best1-Knockout_E.uef
OK,Last Of The Free,ASL,LastOfTheFree_E.uef,LastOfTheFree-1.rom LastOfTheFree-2.rom,-b -B e00 -c x:/: -m -r -s,https://www.stairwaytohell.com/electron/uefarchive/Audiogenic/LastOfTheFree_E.zip,LastOfTheFree_E.uef
OK,Locks Of Luck,Magus,LocksOfLuck_E.uef,LocksOfLuck-1.rom LocksOfLuck-2.rom,-b -B e00 -c :::58e0:4160:d00/400 -p -w 39f,https://www.stairwaytohell.com/electron/uefarchive/Magus/LocksOfLuck_E.zip,LocksOfLuck_E.uef
OK,Locomotion,BBCSoft,Locomotion_E.uef,Locomotion-1.rom Locomotion-2.rom,-b -B e00 -c e00:1300/: -m -s,https://www.stairwaytohell.com/electron/uefarchive/BBCSoft/Locomotion_E.zip,Locomotion_E.uef
OK,Loony Loco,Kansas,LoonyLoco_E.uef,LoonyLoco.rom,-b -c : -m -s,https://www.stairwaytohell.com/electron/uefarchive/Kansas/LoonyLoco_E.zip,LoonyLoco_E.uef
OK,Loopz,Audiogenic,Loopz_E.uef,Loopz-1.rom Loopz-2.rom,-b -B e00 -c ::x:/: -m,https://www.stairwaytohell.com/electron/uefarchive/Audiogenic/Loopz_E.zip,Loopz_E.uef
OK,Lunar Rescue,Alligata,Lunar_Rescue-patched.uef,LunarRescue.rom,-b -B e00 -c e00:e00::3000 -m,https://www.stairwaytohell.com/electron/uefarchive/Alligata/LunarRescue_E.zip,LunarRescue_E.uef
OK,Magic Mushrooms,Acornsoft,MagicMushrooms_E.uef,MagicMushrooms.rom,-b -B e00 -c e00:.4700 -m -pf patch_files/magic_mushrooms.txt,https://www.stairwaytohell.com/electron/uefarchive/Acornsoft/MagicMushrooms_E.zip,MagicMushrooms_E.uef
OK,Maze,Acornsoft,Maze_E.uef,Maze.rom,-b -B e00 -c e00: -m -pf patch_files/maze.txt,https://www.stairwaytohell.com/electron/uefarchive/Acornsoft/Maze_E.zip,Maze_E.uef
OK,MazezaM,Retro Software,MazezaM_2.1-fromSSD.uef,MazezaM.rom,-b -B e00 -c e00:e00::e00 -m,http://www.retrosoftware.co.uk/wiki/images/3/3e/MazezaMElk_2_1.zip,MazezaMElk_2_1/MazezaMElk.ssd
OK,Meteors,Acornsoft,Meteors_E.uef,Meteors.rom,-b -B e00 -c e00 -f 0-1 -pf patch_files/meteors.txt,https://www.stairwaytohell.com/electron/uefarchive/Acornsoft/Meteors_E.zip,Meteors_E.uef
OK,Microball,Alternative,Microball_BE.uef,Microball.rom,-b -B e00 -c e00:1200:1400 -m,https://www.stairwaytohell.com/electron/uefarchive/Alternative/Microball_BE.zip,Microball_BE.uef
OK,Mikie,Imagine,Mikie_E.uef,Mikie-1.rom Mikie-2.rom,-b -B e00 -c ::::/::4d00 -p -t -w 39f -s,https://www.stairwaytohell.com/electron/uefarchive/Imagine/Mikie_E.zip,Mikie_E.uef
OK,Mineshaft,Durell,Mineshaft_RUN_E.uef,Mineshaft.rom,-b -B e00 -r -c : -f 1,https://www.stairwaytohell.com/electron/uefarchive/Durell/Mineshaft_RUN_E.zip,Mineshaft_RUN_E.uef
OK,Missile Control,Gemini,MissileControl_E.uef,MissileControl.rom,-b -B e00 -c e00: -m,https://www.stairwaytohell.com/electron/uefarchive/Gemini/MissileControl_E.zip,MissileControl_E.uef
OK,Monsters,Acornsoft,Monsters_E.uef,Monsters.rom,-b -B e00 -c e00: -w 880 -pf patch_files/monsters.txt,https://www.stairwaytohell.com/electron/uefarchive/Acornsoft/Monsters_E.zip,Monsters_E.uef
OK,Moon Buggy,Kansas,MoonBuggy_E.uef,MoonBuggy.rom,-b -B e00 -c e00:1400 -w 39f,https://www.stairwaytohell.com/electron/uefarchive/Kansas/MoonBuggy_E.zip,MoonBuggy_E.uef
OK,MoonRaider,Program Power,MoonRaider_E.uef,MoonRaider.rom,-b -B e00 -c :b00 -m,https://www.stairwaytohell.com/electron/uefarchive/Micropower/MoonRaider_E.zip,MoonRaider_E.uef
OK,Mouse Trap,Tynesoft,MouseTrap_E.uef,MouseTrap.rom,-b -B e00 -c e00:/: -m -s -pf patch_files/mouse_trap.txt,https://www.stairwaytohell.com/electron/uefarchive/Tynesoft/MouseTrap_E.zip,MouseTrap_E.uef
OK,Mr Wiz,Superior,MrWiz-SCRR_E.uef,MrWiz.rom,-b -B e00 -c e00::x: -p -s -w 39f,https://www.stairwaytohell.com/electron/uefarchive/Superior/MrWiz-SCRR_E.zip,MrWiz-SCRR_E.uef
OK,Myorem,Robico,RHT3-Myorem_E.uef,Myorem-1.rom Myorem-2.rom,-b -B e00 -c e00::::/x:x: -p1 -s -t -T -w 100,http://www.stairwaytohell.com/electron/uefarchive/Robico/RickHansonTrilogy_E.zip,RHT3-Myorem_E.uef
OK,Network,Superior,Network-PIASRR_E.uef,Network-1.rom Network-2.rom,-b -B e00 -c e00:e00:1c00:5bc0:6980:::/1c00 -p -s -w 39f,http://www.stairwaytohell.com/electron/uefarchive/SuperiorReRelease/Network-PIASRR_E.zip,Network-PIASRR_E.uef
OK,Nightmare Maze,MRM,NightmareMaze-MRM_E.uef,NightmareMaze.rom,-b -B e00 -c : -w 39f,https://www.stairwaytohell.com/electron/uefarchive/MRM/NightmareMaze-MRM_E.zip,NightmareMaze-MRM_E.uef
OK (patched),Omega Orb,Audiogenic,OmegaOrb-EveryGameGoing-fromSSD.uef,OmegaOrb-1.rom OmegaOrb-2.rom,-b -B e00 -c ::60c0:2100:/: -p -s -w 39f,http://www.everygamegoing.com/download/electron/atlantis/5_25_discs/Omega_Orb.zip,HD-OMEG.ssd
OK,Orbital,Impact,Orbital-EveryGameGoing.uef,Orbital.rom,-b -B e00 -c e00: -m,http://www.everygamegoing.com/download/electron/impact/5_25_discs/Orbital.zip,HD-ORBI.ssd
OK,Overdrive,Superior,Overdrive_E.uef,Overdrive.rom,-b -B e00 -c e00::2300,https://www.stairwaytohell.com/electron/uefarchive/Superior/Overdrive_E.zip,Overdrive_E.uef
OK,Oxbridge,Tynesoft,Oxbridge_E.uef,Oxbridge-1.rom Oxbridge-2.rom,-b -B e00 -c e00:/: -s -t -w 39f,https://www.stairwaytohell.com/electron/uefarchive/Tynesoft/Oxbridge_E.zip,Oxbridge_E.uef
OK,Palace Of Magic (original),Superior,PalaceOfMagic_E.uef,PalaceOfMagic-1.rom PalaceOfMagic-2.rom,-b -B e00 -c e00/: -s,https://www.stairwaytohell.com/electron/uefarchive/Superior/PalaceOfMagic_E.zip,PalaceOfMagic_E.uef
OK,Palace Of Magic (2016),Superior,PalaceOfMagic2016-fromSSD.uef,PalaceOfMagic2016-1.rom PalaceOfMagic2016-2.rom,-b -B e00 -c e00::2000/: -f 1-3 -s,http://www.everygamegoing.com/download/electron/egg/5_25_discs/Palace_Of_Magic_2016.zip,Palace_Of_Magic_2016.ssd
OK,Panik,Atlantis,Panik_BE.uef,Panik.rom,-b -B e00 -c : -w 39f,https://www.stairwaytohell.com/electron/uefarchive/Atlantis/Panik_BE.zip,Panik_BE.uef
OK,Paperboy,Elite,Paperboy_E.uef,Paperboy-1.rom Paperboy-2.rom,-b -c e00:1900:5000:1900:4200/: -L postload/keyboard_scan_disable.oph postload -pf patch_files/paperboy.txt -s -w 39f,https://www.stairwaytohell.com/electron/uefarchive/Elite/Paperboy_E.zip,Paperboy_E.uef
OK,Pedro,Imagine,Pedro_E.uef,Pedro.rom,-b -B e00 -c : -m,https://www.stairwaytohell.com/electron/uefarchive/Imagine/Pedro_E.zip,Pedro_E.uef
OK,Pengi,Visions,Pengi_E.uef,Pengi.rom,-b -B e00 -c e00: -w 120,https://www.stairwaytohell.com/electron/uefarchive/Visions/Pengi_E.zip,Pengi_E.uef
OK,Pengwyn,Postern,Pengwyn_E.uef,Pengwyn.rom,-b -B e00 -c : -m,https://www.stairwaytohell.com/electron/uefarchive/Postern/Pengwyn_E.zip,Pengwyn_E.uef
OK,Percy Penguin,Superior,PercyPenguin_E.uef,PercyPenguin.rom,-b -B e00 -c e00:/: -w 39f,https://www.stairwaytohell.com/electron/uefarchive/Superior/PercyPenguin_E.zip,PercyPenguin_E.uef
OK (patched),Perplexity,Superior,Perplexity_E.uef,Perplexity-1.rom Perplexity-2.rom,-b -B e00 -c :/77ad -s -t -w 39f,https://www.stairwaytohell.com/electron/uefarchive/Superior/Perplexity_E.zip,Perplexity_E.uef
OK,Phantom Combat (4 colours),Doctorsoft,PhantomCombat_E.uef,PhantomCombat-4.rom,-b -B e00 -c e00:/: -f 0-3 -w 39f,https://www.stairwaytohell.com/electron/uefarchive/Doctorsoft/PhantomCombat_E.zip,PhantomCombat_E.uef
OK,Phantom Combat (2 colours),Doctorsoft,PhantomCombat_E.uef,PhantomCombat-2.rom,-b -B e00 -c e00:/: -f 4-6 -w 39f,,PhantomCombat_E.uef
OK,Philosophers Quest,Acornsoft,PhilosophersQuest_E.uef,PhilosophersQuest-1.rom PhilosophersQuest-2.rom,-b -B e00 -c e00:.5fc3/: -m -s,https://www.stairwaytohell.com/electron/uefarchive/Acornsoft/PhilosophersQuest_E.zip,PhilosophersQuest_E.uef
OK,Philosophers Stone,Potter,PhilosophersStone_BE.uef,PhilosophersStone.rom,-b -B e00 -c : -m,https://www.stairwaytohell.com/electron/uefarchive/Potter/PhilosophersStone_BE.zip,PhilosophersStone_BE.uef
OK,Pinball,Microbyte,Pinball-Microbyte_E.uef,Pinball-Microbyte.rom,-b -B e00 -c e00 -w 39f,https://www.stairwaytohell.com/electron/uefarchive/Microbyte/Pinball-Microbyte_E.zip,Pinball-Microbyte_E.uef
OK,Pinball,Kansas,PinballArcade_E.uef,Pinball.rom,-b -B e00 -c ::x:x -p1 -w 120,https://www.stairwaytohell.com/electron/uefarchive/Kansas/PinballArcade_E.zip,PinballArcade_E.uef
OK (patched),Pipeline,Superior,Pipeline-patched.uef,Pipeline-1.rom Pipeline-2.rom,-b -B e00 -c x:x/: -m -r -s,https://www.stairwaytohell.com/electron/uefarchive/Superior/Pipeline_E.zip,Pipeline_E.uef
OK,Pipemania,Empire,Pipemania_E.uef,Pipemania-1.rom Pipemania-2.rom,-b -B e00 -c :/: -m -r -s,https://www.stairwaytohell.com/electron/uefarchive/Empire/Pipemania_E.zip,Pipemania_E.uef
OK,Plan B,Bug Byte,PlanB_BE.uef,PlanB.rom,-b -B e00 -c :2000 -m,https://www.stairwaytohell.com/electron/uefarchive/BugByte/PlanB_BE.zip,PlanB_BE.uef
OK,Plan B 2,Bug Byte,PlanB2_BE.uef,PlanB2.rom,-b -B e00 -c e00,https://www.stairwaytohell.com/electron/uefarchive/BugByte/PlanB2_BE.zip,PlanB2_BE.uef
OK,Planetoid,Acornsoft,Planetoid_E.uef,Planetoid.rom,-b -B e00 -c e00: -m,https://www.stairwaytohell.com/electron/uefarchive/Acornsoft/Planetoid_E.zip,Planetoid_E.uef
OK,Plunder,CCS,Plunder_E.uef,Plunder.rom,-b -B e00 -c : -m,https://www.stairwaytohell.com/electron/uefarchive/Cases/Plunder_E.zip,Plunder_E.uef
OK,Podd,Acornsoft,Podd_BE.uef,Podd.rom,-b -B e00 -c e00 -m,https://www.stairwaytohell.com/electron/uefarchive/educ/AcornsoftASK/Podd_BE.zip,Podd_BE.uef
OK,Poker,Duckworth,Poker-Duckworth_BE.uef,Poker1.rom Poker2.rom,-b -B e00 -c e00/: -m -s,https://www.stairwaytohell.com/electron/uefarchive/Duckworth/Poker-Duckworth_BE.zip,Poker-Duckworth_BE.uef
OK,Positron,Micro Power,Positron_E.uef,Positron.rom,-b -B e00 -c : -m,https://www.stairwaytohell.com/electron/uefarchive/Micropower/Positron_E.zip,Positron_E.uef
OK,Predator,Superior,Predator_E.uef,Predator-1.rom Predator-2.rom,-b -B e00 -c e00:e00::4e00:5300/: -s,https://www.stairwaytohell.com/electron/uefarchive/Superior/Predator_E.zip,Predator_E.uef
OK,Project Thesius,Robico,RHT2-ProjectThesius_E.uef,ProjectThesius-1.rom ProjectThesius-2.rom,-b -B e00 -c :2d00/: -s -t -T -w d60,http://www.stairwaytohell.com/electron/uefarchive/Robico/RickHansonTrilogy_E.zip,RHT2-ProjectThesius_E.uef
OK,Psycastria,ASL,Psycastria_E.uef,Psycastria-1.rom Psycastria-2.rom,-b -B e00 -c e00:x:/: -w 39f -s -t,https://www.stairwaytohell.com/electron/uefarchive/Audiogenic/Psycastria_E.zip,Psycastria_E.uef
OK,Puppet Man,Larsoft,PuppetMan_RUN_BE.uef,PuppetMan.rom,-b -B e00 -c : -m -r,https://www.stairwaytohell.com/electron/uefarchive/Larsoft/PuppetMan_RUN_BE.zip,PuppetMan_RUN_BE.uef
OK,Quest,Superior,Quest_E.uef,Quest-1.rom Quest-2.rom,-b -B e00 -c e00:/: -s,https://www.stairwaytohell.com/electron/uefarchive/Superior/Quest_E.zip,Quest_E.uef
OK,Quest For Freedom,IJK,QuestForFreedom_E.uef,QuestForFreedom-1.rom QuestForFreedom-2.rom,-b -B e00 -c e00:/: -m -s,https://www.stairwaytohell.com/electron/uefarchive/IJK/QuestForFreedom_E.zip,QuestForFreedom_E.uef
OK,Quest For The Holy Grail,Epic,QuestForTheHolyGrail_E.uef,QuestForTheHolyGrail-1.rom QuestForTheHolyGrail-2.rom,-b -B e00 -c :/: -m -s,https://www.stairwaytohell.com/electron/uefarchive/Epic/QuestForTheHolyGrail_E.zip,QuestForTheHolyGrail_E.uef
OK,Qwak,Superior/Acornsoft,Qwak_E.uef,Qwak-1.rom Qwak-2.rom,-b -B e00 -c :e00:::1400/: -s,https://www.stairwaytohell.com/electron/uefarchive/Superior/Qwak_E.zip,Qwak_E.uef
OK (patched),Ransack!,ASL,Ransack-EveryGameGoing-fromSSD.uef,Ransack-1.rom Ransack-2.rom,-b -B e00 -c :1800:::::2000:2800:/: -r -s -p -w 380,http://www.everygamegoing.com/download/electron/audiogenic/5_25_discs/Ransack.zip,HD-RANS.ssd
OK,Ravage,Blue Ribbon,Ravage_E.uef,Ravage.rom,-b -B e00 -c : -m,https://www.stairwaytohell.com/electron/uefarchive/BlueRibbon/Ravage_E.zip,Ravage_E.uef
OK (patched),Ravenskull,Superior,Ravenskull-patched.uef,Ravenskull-1.rom Ravenskull-2.rom,-b -B e00 -c e00:::x:/: -m -pf patch_files/ravenskull.txt -s,https://www.stairwaytohell.com/electron/uefarchive/Superior/Ravenskull_E.zip,Ravenskull_E.uef
OK,Rebel Planet,U.S. Gold,RebelPlanet_E.uef,RebelPlanet-1.rom RebelPlanet-2.rom,-b -B e00 -c e00:/: -s -w 39f,https://www.stairwaytohell.com/electron/uefarchive/USGold/RebelPlanet_E.zip,RebelPlanet_E.uef
OK,Repton,Superior,Repton-SCRR_E.uef,Repton-1.rom Repton-2.rom,-b -B e00 -c e00:/: -s,https://www.stairwaytohell.com/electron/uefarchive/Superior/Repton-SCRR_E.zip,Repton-SCRR_E.uef
OK,Repton 2,Superior,Repton2-SCRR_E.uef,Repton2-1.rom Repton2-2.rom,-b -B e00 -c e00:/: -s,https://www.stairwaytohell.com/electron/uefarchive/Superior/Repton2-SCRR_E.zip,Repton2-SCRR_E.uef
OK (discard files),Repton 3,Superior,Repton3_E.uef,Repton3-1.rom Repton3-2.rom,-b -B e00 -c e00:/: -f 4-6:12-13 -s,https://www.stairwaytohell.com/electron/uefarchive/Superior/Repton3_E.zip,Repton3_E.uef
OK (paging required),Repton Around The World,Superior,ReptonAroundTheWorld_E.uef,ReptonATW-1.rom ReptonATW-2.rom ReptonATW-3.rom ReptonATW-4.rom,-b -B e00 -c e00:::1900:/:/:/: -f 1-6:11-15 -s -P 290 1:2:3:1,https://www.stairwaytohell.com/electron/uefarchive/Superior/ReptonAroundTheWorld_E.zip,ReptonAroundTheWorld_E.uef
OK (paging required),Repton The Life Of,Superior,ReptonTheLifeOf_E.uef,ReptonTLO-1.rom ReptonTLO-2.rom ReptonTLO-3.rom ReptonTLO-4.rom,-b -B e00 -c e00:::1900:/:/:/: -f 1-6:11-15 -s -P 290 1:2:3:1,https://www.stairwaytohell.com/electron/uefarchive/Superior/ReptonTheLifeOf_E.zip,ReptonTheLifeOf_E.uef
OK (paging required),Repton The Lost Realms,Retro Software/Superior,ReptonTLR-merged.uef,ReptonTLR-1.rom ReptonTLR-2.rom ReptonTLR-3.rom,-b -B e00 -c :5000::/3752:3752:3752/3752 -f 3-5:s:6-9 -r -s -t -P 290 1:2:1 -w 39f,-,ReptonTLR.uef
OK (paging required),Repton Thru Time,Superior,ReptonThruTime_E.uef,ReptonTT-1.rom ReptonTT-2.rom ReptonTT-3.rom ReptonTT-4.rom,-b -B e00 -c e00:::1900:/:/:/: -f 1-6:11-15 -s -P 290 1:2:3:1,https://www.stairwaytohell.com/electron/uefarchive/Superior/ReptonThruTime_E.zip,ReptonThruTime_E.uef
OK,Reversi,Acornsoft,DAR-Reversi_E.uef,Reversi.rom,-b -B e00 -c e00 -pf patch_files/reversi.txt,https://www.stairwaytohell.com/electron/uefarchive/Acornsoft/DraughtsAndReversi_E.zip,DAR-Reversi_E.uef
OK,Reversi,Superior,Reversi-Superior_E.uef,Reversi-Superior.rom,-b -B e00 -c e00::e00 -m,https://www.stairwaytohell.com/electron/uefarchive/Superior/Reversi-Superior_E.zip,Reversi-Superior_E.uef
OK,Rick Hanson,Robico,RHT1-RickHanson_E.uef,RickHanson-1.rom RickHanson-2.rom,-b -B e00 -c e00:/: -s -t -w 39f,http://www.stairwaytohell.com/electron/uefarchive/Robico/RickHansonTrilogy_E.zip,RHT1-RickHanson_E.uef
OK (paging required),Ricochet,Superior,Ricochet_E.uef,Ricochet-1.rom Ricochet-2.rom Ricochet-3.rom Ricochet-4.rom Ricochet-5.rom,-b -B e00 -c ::::x/400/bba:x:3881:3881:3881/3881:3881/: -f 3-8:s:9-15 -s -P 290 1:2:3:4:2 -t -w 39f,https://www.stairwaytohell.com/electron/uefarchive/Superior/Ricochet_E.zip,Ricochet_E.uef
OK,Rig Attack,Tynesoft,RigAttack_E.uef,RigAttack.rom,-b -B e00 -c e00 -m,https://www.stairwaytohell.com/electron/uefarchive/Tynesoft/RigAttack_E.zip,RigAttack_E.uef
OK,Rising Of Salandra part 1,Larsoft,ROS1-TheProphecy_RUN_BE.uef,RisingOfSalandraPart1.rom,-b -B e00 -c : -m -r,http://www.stairwaytohell.com/electron/uefarchive/Larsoft/RisingOfSalandraPts1-2_BE.zip,ROS1-TheProphecy_RUN_BE.uef
OK,Rising Of Salandra part 2,Larsoft,ROS2-ReturnOfTheWarrior_RUN_BE.uef,RisingOfSalandraPart2.rom,-b -B e00 -c : -m -r,http://www.stairwaytohell.com/electron/uefarchive/Larsoft/RisingOfSalandraPts1-2_BE.zip,ROS2-ReturnOfTheWarrior_RUN_BE.uef
OK,Robotron,Atarisoft,Robotron_E.uef,Robotron-1.rom Robotron-2.rom,-b -B e00 -s -t -w 100 -f 0-2,https://www.stairwaytohell.com/electron/uefarchive/Atarisoft/Robotron_E.zip,Robotron_E.uef
OK,Row Of Four,Software For All,RowOfFour_BE.uef,RowOfFour.rom,-b -B e00 -c e00:2500: -w 39f,https://www.stairwaytohell.com/electron/uefarchive/SoftwareForAll/RowOfFour_BE.zip,RowOfFour_BE.uef
OK,Rubble Trouble,Micro Power,RubbleTrouble_E.uef,RubbleTrouble-1.rom RubbleTrouble-2.rom,-b -B e00 -c e00:e00:2f00/:,https://www.stairwaytohell.com/electron/uefarchive/Micropower/RubbleTrouble_E.zip,RubbleTrouble_E.uef
OK,Saracoid,Audiogenic,Saracoid_E.uef,Saracoid.rom,-b -B e00 -c e00 -m,https://www.stairwaytohell.com/electron/uefarchive/Audiogenic/Saracoid_E.zip,Saracoid_E.uef
OK,Savage Pond,Starcade,SavagePond-Starcade_E.uef,SavagePond.rom,-b -B e00 -c e00,https://www.stairwaytohell.com/electron/uefarchive/ASP/SavagePond-Starcade_E.zip,SavagePond-Starcade_E.uef
OK,Shark,ASL,Shark_E.uef,Shark.rom,-b -B e00 -c : -m,https://www.stairwaytohell.com/electron/uefarchive/Audiogenic/Shark_E.zip,Shark_E.uef
OK,Sim,Viper,Sim_E.uef,Sim.rom,-b -B e00 -c e00: -w 880,https://www.stairwaytohell.com/electron/uefarchive/CSM/Sim_E.zip,Sim_E.uef
OK (truncated),Sim City,Superior,SimCity_E.uef,SimCity-1.rom SimCity-2.rom,-b -B e00 -c e00:e00:::3c00/: -f 0-7 -p -s -w 39f,https://www.stairwaytohell.com/electron/uefarchive/Superior/SimCity_E.zip,SimCity_E.uef
OK,Smash And Grab,Superior,SmashAndGrab_E.uef,SmashAndGrab.rom,-b -B e00 -c e00::5000,https://www.stairwaytohell.com/electron/uefarchive/Superior/SmashAndGrab_E.zip,SmashAndGrab_E.uef
OK,Snapper,Acornsoft,Snapper-STH-ROM.uef,Snapper.rom,-b -B e00 -c x:e00: -r -w 880,https://www.stairwaytohell.com/roms/Electron_Acornsoft_Snapper_Rom.zip,Snapper.rom
OK,Snooker,Acornsoft,Snooker-Acornsoft_E.uef,Snooker.rom,-b -B e00 -c e00:: -m -pf patch_files/snooker.txt,https://www.stairwaytohell.com/electron/uefarchive/Acornsoft/Snooker-Acornsoft_E.zip,Snooker-Acornsoft_E.uef
OK,Southern Belle,Hewson,SouthernBelle_E.uef,SouthernBelle-1.rom SouthernBelle-2.rom,-b -c e00:/: -L postload/southern_belle.oph postload -s -w d3f,https://www.stairwaytohell.com/electron/uefarchive/Hewson/SouthernBelle_E.zip,SouthernBelle_E.uef
OK,Space Agent Zelda Meets The Bug Eyes,Icon,SpaceAgentZeldaMeetsTheBugEyes_E.uef,SpaceAgentZeldaMeetsTheBugEyes.rom,-b -B e00 -c e00:1900:e00:400:900:1000:1100:3f00 -s -t -w 39f,https://www.stairwaytohell.com/electron/uefarchive/Audiogenic/SpaceAgentZeldaMeetsTheBugEyes_E.zip,SpaceAgentZeldaMeetsTheBugEyes_E.uef
OK (patched),Space Jailer,Micro Power,SpaceJailer-patched.uef,SpaceJailer.rom,-b -B e00 -c e00:5000: -m,https://www.stairwaytohell.com/bbc/archive/tapeimages/Micropower/SpaceJailer_B.zip,SpaceJailer_B.uef
OK,Spaceman Sid,English,SpacemanSid_E.uef,SpacemanSid-1.rom SpacemanSid-2.rom,-b -B e00 -c e00::x -s -t,https://www.stairwaytohell.com/electron/uefarchive/English/SpacemanSid_E.zip,SpacemanSid_E.uef
OK (patched),Space Ranger,Audiogenic,SpaceRanger-patched.uef,SpaceRanger.rom,-b -B e00 -c x:/: -m,https://www.stairwaytohell.com/electron/uefarchive/Audiogenic/SpaceRanger_E.zip,SpaceRanger_E.uef
OK,Spectipede,Mastertronic,Spectipede_E.uef,Spectipede.rom,-b -B e00 -c e00:e00:5000: -w 39f,https://www.stairwaytohell.com/electron/uefarchive/Mastertronic/Spectipede_E.zip,Spectipede_E.uef
OK (paging required),Spellbinder,Superior,SpellBinder_E.uef,Spellbinder1.rom Spellbinder2.rom Spellbinder3.rom,-b -B e00 -c :::x/:/: -f 1-6 -m -s -r -P 290 1:2:0,https://www.stairwaytohell.com/electron/uefarchive/Superior/SpellBinder_E.zip,SpellBinder_E.uef
OK,Sphere Of Destiny,ASL,SphereOfDestiny_E.uef,SphereOfDestiny-1.rom SphereOfDestiny-2.rom,-b -B e00 -c e00:x:/: -p1 -s -t -w 39f,https://www.stairwaytohell.com/electron/uefarchive/Audiogenic/SphereOfDestiny_E.zip,SphereOfDestiny_E.uef
OK,Sphinx Adventure,Acornsoft,SphinxAdventure_E.uef,SphinxAdventure-1.rom SphinxAdventure-2.rom,-b -B e00 -c e00:.5775/: -m -s,https://www.stairwaytohell.com/electron/uefarchive/Acornsoft/SphinxAdventure_E.zip,SphinxAdventure_E.uef
OK,Spitfire 40,Mirrorsoft,Spitfire40_E.uef,Spitfire40-1.rom Spitfire40-2.rom,-b -B e00 -c e00::::::e00::/: -m -s,https://www.stairwaytohell.com/electron/uefarchive/Mirrorsoft/Spitfire40_E.zip,Spitfire40_E.uef
OK (truncated),Spycat,Superior,SpyCat_E.uef,SpyCat-1.rom SpyCat-2.rom,-b -B e00 -c :/: -f 3-6 -m -r -s,https://www.stairwaytohell.com/electron/uefarchive/Superior/SpyCat_E.zip,SpyCat_E.uef
OK (patched),Spy vs Spy,Tynesoft,SpyVsSpy-patched.uef,SpyVsSpy-1.rom SpyVsSpy-2.rom,-b -B e00 -c x::x:/: -p -s -w 39f -x,https://www.stairwaytohell.com/electron/uefarchive/Tynesoft/SpyVsSpy_E.hq.zip,SpyVsSpy_E.hq.uef
OK,Star Drifter,Firebird,T-STAR.uef,StarDrifter-1.rom StarDrifter-2.rom,-b -B e00 -c :2000/: -m -s,http://www.everygamegoing.com/download/electron/firebird/tapes/Super-Silver-Star-Drifter.zip,T-STAR.uef
OK,Star Port,Superior,PI14-StarPort-EveryGameGoing-fromSSD.uef,StarPort-1.rom StarPort-2.rom,-b -B e00 -c e00/: -m -s,http://www.everygamegoing.com/download/electron/superior_acornsoft/5_25_discs/Play-It-Again-Sam-14.zip,HD-PI14.dsd
OK,Starship Command,Acornsoft,StarshipCommand-STH-ROM.uef,StarshipCommand.rom,-b -B e00 -c x:e00: -f 0:1:3:2 -r -w 880,https://www.stairwaytohell.com/roms/Electron_Acornsoft_StarshipCommand_Rom.zip,StarshipCommand_1.rom StarshipCommand_2.rom
OK (patched),Star Wars,Domark,StarWars_E.uef,StarWars-1.rom StarWars-2.rom,-b -B e00 -c e00:3780:900:2000/7620 -m -s,https://www.stairwaytohell.com/electron/uefarchive/Domark/StarWars_E.zip,StarWars_E.uef
OK,Steve Davis Snooker,Blue Ribbon,SteveDavisSnooker-PIASRR_E.uef,SteveDavisSnooker.rom,-b -B e00 -c :e00::e00/:,http://www.stairwaytohell.com/electron/uefarchive/SuperiorReRelease/SteveDavisSnooker-PIASRR_E.zip,SteveDavisSnooker-PIASRR_E.uef
OK,Stock Car,Micro Power,StockCar_E.uef,StockCar.rom,-b -B e00 -c e00:e00,https://www.stairwaytohell.com/electron/uefarchive/Micropower/StockCar_E.zip,StockCar_E.uef
OK,Stormcycle,Atlantis,Stormcycle_E.uef,Stormcycle-1.rom Stormcycle-2.rom,-b -B e00 -c e00/: -f 1-7 -m -s,https://www.stairwaytohell.com/electron/uefarchive/Atlantis/Stormcycle_E.zip,Stormcycle_E.uef
OK,Stranded,Superior,Stranded_E.uef,Stranded.rom,-b -B e00 -c e00: -w 39f -t,https://www.stairwaytohell.com/electron/uefarchive/Superior/Stranded_E.zip,Stranded_E.uef
OK,Strykers Run,Superior,StrykersRun-PIASRR_E.uef,StrykersRun-1.rom StrykersRun-2.rom,-b -B e00 -c e00:e00:3a00/: -s -t -w 860,https://www.stairwaytohell.com/electron/uefarchive/Superior/StrykersRun-PIASRR_E.zip,StrykersRun-PIASRR_E.uef
OK,Superman The Game,First Star,SupermanTheGame_BE.uef,SupermanTheGame-1.rom SupermanTheGame-2.rom,-b -B e00 -c e00:e00:/400 -m -s,https://www.stairwaytohell.com/electron/uefarchive/FirstStar/SupermanTheGame_BE.zip,SupermanTheGame_BE.uef
OK,Super Pool,Software Invasion,SuperPool_E.uef,SuperPool.rom,-b -B e00 -c e00 -m,https://www.stairwaytohell.com/electron/uefarchive/SoftwareInvasion/SuperPool_E.zip,SuperPool_E.uef
OK,Survivors,Atlantis,Survivors_BE.uef,Survivors.rom,-b -B e00 -c e00 -t -w 39f,https://www.stairwaytohell.com/electron/uefarchive/Atlantis/Survivors_BE.zip,Survivors_BE.uef
OK,Swag,Micro Power,Swag_E.uef,Swag.rom,-b -B e00 -c ::1200: -m,https://www.stairwaytohell.com/electron/uefarchive/Micropower/Swag_E.zip,Swag_E.uef
OK,Swoop,Program Power,Swoop_E.uef,Swoop.rom,-b -B e00 -c e00 -m,https://www.stairwaytohell.com/electron/uefarchive/Micropower/Swoop_E.zip,Swoop_E.uef
OK,Syncron,Superior,Syncron_E.uef,Syncron-1.rom Syncron-2.rom,-b -B e00 -c e00:1900/: -s,https://www.stairwaytohell.com/electron/uefarchive/Superior/Syncron_E.zip,Syncron_E.uef
OK,Tales Of The Arabian Nights,Interceptor Micros,TalesOfTheArabianNights_BE.uef,TalesOfTheArabianNights.rom,-b -B e00 -c : -m,http://www.stairwaytohell.com/electron/uefarchive/Interceptor/TalesOfTheArabianNights_BE.zip,TalesOfTheArabianNights_BE.uef
OK,Tempest,Superior,Tempest_E.uef,Tempest.rom,-b -B e00 -c e00 -p -w 39f,https://www.stairwaytohell.com/electron/uefarchive/Superior/Tempest_E.zip,Tempest_E.uef
OK,Terrormolinos,Melbourne House,Terrormolinos_BE.uef,Terrormolinos-1.rom Terrormolinos-2.rom,-b -B e00 -c :/: -f 3-6 -m -r -s,https://www.stairwaytohell.com/electron/uefarchive/MelbourneHouse/Terrormolinos_BE.zip,Terrormolinos_BE.uef
OK,Tetris,Mirrorsoft,Tetris_BE.uef,Tetris.rom,-b -B e00 -c e00:2f00:5800:1200 -m,https://www.stairwaytohell.com/electron/uefarchive/Mirrorsoft/Tetris_BE.zip,Tetris_BE.uef
OK,The Hunt - Search For Shauna,Robico,TheHuntSearchForShauna_E.uef,TheHunt1.rom TheHunt2.rom,-b -B e00 -c e00:/: -m -p1 -s,https://www.stairwaytohell.com/electron/uefarchive/Robico/TheHuntSearchForShauna_E.zip,TheHuntSearchForShauna_E.uef
OK (paging required),The Last Ninja,Superior,LastNinja-EveryGameGoing-patched.uef,LastNinja-1.rom LastNinja-2.rom LastNinja-3.rom LastNinja-4.rom,-b -B e00 -c :/:/:/: -m -s -P 290 1:2:3:1,http://www.everygamegoing.com/download/electron/superior_acornsoft/5_25_discs/The_Last_Ninja_1_V1.zip,HD-NIN1.ssd
OK,The Mine,Micro Power,TheMine_E.uef,TheMine.rom,-b -B e00 -c :4000: -m,https://www.stairwaytohell.com/electron/uefarchive/Micropower/TheMine_E.zip,TheMine_E.uef
OK,The Nine Dancers,Larsoft,TheNineDancers_RUN_BE.uef,TheNineDancers.rom,-b -B e00 -c : -m -r,https://www.stairwaytohell.com/electron/uefarchive/Larsoft/TheNineDancers_RUN_BE.zip,TheNineDancers_RUN_BE.uef
OK (patched),The Way Of The Exploding Fist,Melbourne House,The_Way_Of_The_Exploding_Fist-EveryGameGoing.uef,ExplodingFist-1.rom ExplodingFist-2.rom,-b -c e00:400:7080:1d00:2400/: -m -s,http://www.everygamegoing.com/download/electron/melbourne/5_25_discs/The-Way-Of-The-Exploding-Fist.zip,elk_disc_library/melbourne/HD-EXPL.ssd
OK,Thrust,Superior,Thrust_E.uef,Thrust-1.rom Thrust-2.rom,-b -B e00 -c e00:/: -s,https://www.stairwaytohell.com/electron/uefarchive/Superior/Thrust_E.zip,Thrust_E.uef
OK,Thunderstruck,Audiogenic,Thunderstruck_E.uef,Thunderstruck-1.rom Thunderstruck-2.rom,-b -B e00 -c ::::x:/: -r -s -w 39f,https://www.stairwaytohell.com/electron/uefarchive/Audiogenic/Thunderstruck_E.zip,Thunderstruck_E.uef
OK,Thunderstruck 2,Audiogenic,Thunderstruck2_E.uef,Thunderstruck2-1.rom Thunderstruck2-2.rom,-b -B e00 -c x:/: -m -r -s,https://www.stairwaytohell.com/electron/uefarchive/Audiogenic/Thunderstruck2_E.zip,Thunderstruck2_E.uef
OK,Trapper,Blue Ribbon,Trapper_E.uef,Trapper.rom,-b -B e00 -c e00:/: -w 39f,https://www.stairwaytohell.com/electron/uefarchive/BlueRibbon/Trapper_E.zip,Trapper_E.uef
OK,Tunnel Adventure,Duckworth,EXPLADV-TunnelAdventure_E.uef,TunnelAdventure.rom,-b -B e00 -c :/: -m,https://www.stairwaytohell.com/electron/uefarchive/Duckworth/ExploringAdventures_E.zip,EXPLADV-TunnelAdventure_E.uef
OK,Twin Kingdom Valley,Bug Byte,TwinKingdomValley-modified_E.uef,TwinKingdomValley-1.rom TwinKingdomValley-2.rom,-b -B e00 -c e00::e00:/: -m -s,https://www.stairwaytohell.com/electron/uefarchive/BugByte/TwinKingdomValley-modified_E.zip,TwinKingdomValley-modified_E.uef
OK,Twelfth Night,Penguin Study,TwelfthNight_E.uef,TwelfthNight-1.rom TwelfthNight-2.rom,-b -B e00 -c :4300/: -l -s,http://www.stairwaytohell.com/electron/uefarchive/educ/Penguin/TwelfthNight_E.zip,TwelfthNight_E.uef
OK,Ultron,Icon,Ultron_E.uef,Ultron.rom,-b -B e00 -m -r,https://www.stairwaytohell.com/electron/uefarchive/Icon/Ultron_E.zip,Ultron_E.uef
OK,Underground Adventure,Duckworth,EXPLADV-UndegroundAdventure_E.uef,UndergroundAdventure.rom,-b -B e00 -c : -m,https://www.stairwaytohell.com/electron/uefarchive/Duckworth/ExploringAdventures_E.zip,EXPLADV-UndegroundAdventure_E.uef
OK,Vertigo,Superior,Vertigo-EveryGameGoing.uef,Vertigo-1.rom Vertigo-2.rom,-b -c :6a20/: -m -s,http://www.everygamegoing.com/download/electron/superior_acornsoft/5_25_discs/Play-It-Again-Sam-16.zip,HD-PI16.dsd
OK,Videos Revenge,Budgie,VideosRevenge-PIASRR_E.uef,VideosRevenge-1.rom VideosRevenge-2.rom,-b -B e00 -c :::x -w 120,https://www.stairwaytohell.com/electron/uefarchive/SuperiorReRelease/VideosRevenge-PIASRR_E.zip,VideosRevenge-PIASRR_E.uef
OK,Village of Lost Souls,Robico,VillageOfLostSouls-RR_E.uef,Village-1.rom Village-2.rom,-b -B e00 -c e00::b00:10d0:2f30/658 -s -m,https://www.stairwaytohell.com/electron/uefarchive/Robico/VillageOfLostSouls-RR_E.zip,VillageOfLostSouls-RR_E.uef
OK,Vindaloo,Tynesoft,Vindaloo_E.uef,Vindaloo-1.rom Vindaloo-2.rom,-b -B e00 -c e00::x:/: -s -t -w 120,https://www.stairwaytohell.com/electron/uefarchive/Tynesoft/Vindaloo_E.zip,Vindaloo_E.uef
OK (fixed),Warehouse,Top Ten,Warehouse-fixed.uef,Warehouse-1.rom Warehouse-2.rom,-b -B e00 -c :/5800 -m -s,https://www.stairwaytohell.com/electron/uefarchive/TopTen/Warehouse_BE.zip,Warehouse_BE.uef
OK,West,Talent,West_RUN_E.uef,West-1.rom West-2.rom,-b -B e00 -c :/: -m -r -s,https://www.stairwaytohell.com/electron/uefarchive/Talent/West_RUN_E.zip,West_RUN_E.uef
OK,Wheel Of Fortune,Epic,WheelOfFortune_E.uef,WheelOfFortune-1.rom WheelOfFortune-2.rom,-b -B e00 -c e00:e00/: -m -s,https://www.stairwaytohell.com/electron/uefarchive/Epic/WheelOfFortune_E.zip,WheelOfFortune_E.uef
OK,Where,Micro Power,Where_E.uef,Where.rom,-b -B e00 -c : -m,https://www.stairwaytohell.com/electron/uefarchive/leisure/Micropower/Where_E.zip,Where_E.uef
OK,White Knight Mk 11,BBCSoft,WhiteKnightMk11_E.uef,WhiteKnightMk11.rom,-b -B e00 -c e00: -f 1-2 -m,https://www.stairwaytohell.com/electron/uefarchive/BBCSoft/WhiteKnightMk11_E.zip,WhiteKnightMk11_E.uef
OK,Woks,Artic,Woks_BE.uef,Woks-1.rom Woks-2.rom,-b -B e00 -c e00:/: -s -T -w 39f,https://www.stairwaytohell.com/electron/uefarchive/Antartic/Woks_BE.zip,Woks_BE.uef
OK,Wychwood,Larsoft,Wychwood_RUN_BE.uef,Wychwood.rom,-b -B e00 -c : -m -r,https://www.stairwaytohell.com/electron/uefarchive/Larsoft/Wychwood_RUN_BE.zip,Wychwood_RUN_BE.uef
OK,XOR,Astral Software,XOR_E.uef,XOR-1.rom XOR-2.rom,-b -B e00 -c :::e00/: -s -t -w d3f:ef97,https://www.stairwaytohell.com/electron/uefarchive/Logotron/XOR_E.zip,XOR_E.uef
OK,XOR (Procyon's Mazes),Astral Software,XOR-Procyon_E.uef,XOR-Procyon-1.rom XOR-Procyon-2.rom,-b -B e00 -c :::e00/: -s -t -w d3f:ef97,https://www.stairwaytohell.com/electron/uefarchive/Logotron/XOR-Procyon_E.zip,XOR-Procyon_E.uef
OK,Yie Ar Kung Fu,Imagine,YieArKungFu_E.uef,YieArKungFu-1.rom YieArKungFu-2.rom,-b -B e00 -c e00:5300:500:1100/:5200:5f80 -f 1-7 -p -s -t -w 39f,https://www.stairwaytohell.com/electron/uefarchive/Imagine/YieArKungFu_E.zip,YieArKungFu_E.uef
OK,Yoyo,Top Ten,Yoyo-1.rom,Yoyo-2.rom,-b -B e00 -c e00:::1a00:/: -m -s,http://www.stairwaytohell.com/bbc/archive/tapeimages/TopTen/Yoyo-PST_B.zip,Yoyo-PST_B.uef
OK (patched),Yie Ar Kung Fu 2,Imagine,YieArKungFu2-patched.uef,YieArKungFu2-1.rom YieArKungFu2-2.rom,-b -B e00 -c e00:1d00:1d00:1d00:2800/2400 -m -s,http://www.everygamegoing.com/download/electron/imagine/5_25_discs/Yie_Ar_Kung_Fu_2.zip,HD-YIE2.ssd
OK,Zalaga,Aardvark,Zalaga-ALRR_E.uef,Zalaga-1.rom Zalaga-2.rom,-b -B e00 -c e00:/: -s,http://www.stairwaytohell.com/electron/uefarchive/Alternative/Zalaga-ALRR_E.zip,Zalaga-ALRR_E.uef
OK,Zany Kong Junior,Superior,ZanyKongJunior_E.uef,ZanyKongJunior.rom,-b -B e00 -c e00 -p1,https://www.stairwaytohell.com/electron/uefarchive/Superior/ZanyKongJunior_E.zip,ZanyKongJunior_E.uef
OK,Zenon,Impact,Zenon_E.uef,Zenon-1.rom Zenon-2.rom,-b -B e00 -c :5800:/: -m -s,https://www.stairwaytohell.com/electron/uefarchive/Impact/Zenon_E.zip,Zenon_E.uef
OK,Ziggy,ASL,Ziggy_E.uef,Ziggy-1.rom Ziggy-2.rom,-b -B e00 -c :/: -m -s -f 0-1,https://www.stairwaytohell.com/electron/uefarchive/Audiogenic/Ziggy_E.zip,Ziggy_E.uef
OK,Zombies Ate Our Roadies,Stuart Johns,zaor.uef,ZAOR-1.rom ZAOR-2.rom,-b -B e00 -c :/: -s -w 39f,-,zaor.uef
